'Page number,'Key,'Value,'Confidence Score % (Key),'Confidence Score % (Value)
'1,'Mercedes-Benz Newmarket,'2766357 Ontario Inc.,'52.78267288,'52.78267288
'1,'(o/b,','46.40818405,'46.40818405
'1,'Tel:,'(905) 853-6868,'94.22123718,'94.22123718
'1,'Fax:,'(905) 954-1269,'93.97914886,'93.97914886
'1,'Dealer #:,'5680665,'93.69241333,'93.69241333
'1,'GST/HST#:,'723562278RT001,'93.99082184,'93.99082184
'1,'Offer to Lease prepared for:,,'85.59476471,'85.59476471
'1,'(DMS#:,'27832),'90.68721771,'90.68721771
'1,'Prepared By:,,'93.16600037,'93.16600037
'1,'Home:,','89.52082825,'89.52082825
'1,'Mobile:,,'93.80908966,'93.80908966
'1,'Quote #:,'36884916,'94.08165741,'94.08165741
'1,'Designed,'SUV,'82.81650543,'82.81650543
'1,'Ext. Colour:,'149 Polar White,'94.27910614,'94.27910614
'1,'Body Style,','67.51282501,'67.51282501
'1,'Int. Colour:,'101 Black ARTICO,'94.20011902,'94.20011902
'1,'Total KMS:,'90 (anticipated),'93.27285004,'93.27285004
'1,'Init X,','61.34093857,'61.34093857
'1,'Warranty:,'MB 4Yr/80K; Vans 3Yr/60k,'93.63982391,'93.63982391
'1,'FCLP Classic (MB/smart exc.,"'SLS/Maybach) $1,615.00,",'66.62952423,'66.62952423
'1,'Tax,'$0.00,'64.89308167,'64.89308167
'1,'In-Serv. Date:,','90.59334564,'90.59334564
'1,'VIN:,','91.40206146,'91.40206146
'1,'Status:,'New,'94.59547424,'94.59547424
'1,'Sp. Status:,'NA,'94.58844757,'94.58844757
'1,'For Option:,'1,'64.31202698,'64.31202698
'1,''Other' Includes:,','59.61895752,'59.61895752
'1,"'Comments, included Warranties or Inducements (list retail price if applicable),",','88.42919159,'88.42919159
'1,'Total Sale Price:,"'$68,220.00",'72.72631836,'72.72631836
'1,"'Restrictions, Limitations and Conditions:","'No Export: Purchaser shall not sell. lease or trade the Vehicle to any person not resident of Canada or sell, lease or trade the Vehicle to any person whom Purchaser know or acting reasonably ought to have known Intended to export the Vehicle or sell. lease or trade the Vehicle to any person outside of Canada without the prior consent of Dealer Purchaser shall Indemnify and hold Dealer harmless from any losses, damages or costs (including reasonable legal fees) in relation to breach of this",'44.22035980,'44.22035980
'1,'Options (see above):,"'$2,899.85",'72.12450409,'72.12450409
'1,'Total List:,"'$71,119.85",'71.84635162,'71.84635162
'1,'Adjustment:,"'($2,500.00)",'70.65637207,'70.65637207
'1,'Trade Downpayment:,'$0.00,'57.84508514,'57.84508514
'1,'DIFFERENCE:,"'$68,619.85",'64.61154175,'64.61154175
'1,'Filing/PPSA Fees:,'$53.76,'63.59703445,'63.59703445
'1,'Other:,'$0.00,'65.95033264,'65.95033264
'1,'Total:,'$0.00,'63.68184662,'63.68184662
'1,'Financed Amount:,"'$68,673.61",'72.57549286,'72.57549286
'1,'Year Make Model,','88.64954376,'88.64954376
'1,'VIN,','89.81975555,'89.81975555
'1,'KMs,','89.25695801,'89.25695801
'1,'Colour,','72.08978271,'72.08978271
'1,'Residual:,"'(47%, 47%)",'96.62699127,'96.62699127
'1,'Lien/Cashback pay to,','89.57376099,'89.57376099
'1,'Lien Cashback,'$0.00,'94.72131348,'94.72131348
'1,'Assigned Value(s,'$0.00,'94.50399780,'94.50399780
'1,'Trade Downpayment,'$0.00,'94.74707794,'94.74707794
'1,'Payable To Customer,'$0.00,'94.03485870,'94.03485870
'1,'Refinanced Equity,'$0.00,'93.84589386,'93.84589386
'1,'Trade as Downpayment:,'$0.00 $0.00,'92.89901733,'92.89901733
'1,'Cash Down:,'$0.00 $0.00,'94.56031036,'94.56031036
'1,'Yes,'NOT_SELECTED,'88.48143005,'50.58593750
'1,'No,'NOT_SELECTED,'86.70914459,'47.68066406
'1,'Init.:,','69.60646057,'69.60646057
'1,"'Freight & PDI Group 2 E,GLC:","'$3,995.00 $3,995.00",'74.00135040,'74.00135040
'1,'PPSA due on Delivery:,'$0.00 $0.00,'94.70625305,'94.70625305
'1,'SUBTOTAL:,"'$3,995.00 $3,995.00",'95.11173248,'95.11173248
'1,'HST:,'$519.35 $519.35,'95.19869995,'95.19869995
'1,'PST:,'$0.00 $0.00,'95.03101349,'95.03101349
'1,'License Fee Due On Del.,'$0.00 $0.00,'73.54518890,'73.54518890
'1,'1st Payment,"'$1,097.63 $1,097.63",'93.36283875,'93.36283875
'1,'Payable (To) By Customer,'$0.00 $0.00,'94.75177002,'94.75177002
'1,'Totals + Trade (If App),"'$5,611.98 $5,611.98",'94.49160004,'94.49160004
'1,'Security Deposit:,'$0.00 $0.00,'94.47612000,'94.47612000
'1,"'acknowledge that the information provide may be used by you the dealer and shared with associated businesses to 0 perform services as may be directly requested by me, ii) provide information regarding your products and services and iii) generate statistical data that does","'Identify me personally. By providing my information to you, consent to these uses.",'78.73616028,'78.73616028
'1,'Less Customer Deposit ():,'$0.00 $0.00,'94.80774689,'94.80774689
'1,'Due on Delivery+Trade (if App),"'$5,611.98 $5,611.98",'94.32025146,'94.32025146
'1,'I/ WE HEREBY OFFER TO LEASE THE ABOVE VEHICLE AS PER OPTION #: AND SUBJECT TO THE TERMS & CONDITIONS AS EXPRESSED IN THIS AGREEMENT,','45.63571930,'45.63571930
'1,'Canadian Motor Vehicle Arbitration Plan applies to this vehicle. (See Pg. 3),'SELECTED,'56.53459930,'24.06005859
'1,'Yes,','54.28406143,'54.28406143
'1,'Deposit,'$3000,'96.15973663,'96.15973663
'1,'Implicit Finance Charge,"'$10,061.59 $10,061.59",'94.42155457,'94.42155457
'1,'Total Lease Cost,"'$57,200.59 $57,200.59",'94.25140381,'94.25140381
'1,,'X,'80.53625488,'80.53625488
'1,'Excess mileage charge at lease end:,'20 cents/km.,'93.54866791,'93.54866791
'1,'Expected Delivery Date:,"'Jul 30, 2024",'94.46527863,'94.46527863
'1,'Dealer Acceptance / Reg.#,'X,'84.23813629,'84.23813629
'1,'Sales Rep/Reg #:,'X Sample Copyright 2024 ONE-EIGHTY CORP.,'85.56159973,'85.56159973
'1,,','82.88732147,'82.88732147