'Page number,'Layout,'Text,'Reading Order,'Confidence score % (Layout)
'1,'Key value 1,,'0,'27.83203125
'1,'Table 1,,'1,'74.75585938
'1,'Text 1,"'GLC300 4M GLC 300 4MATIC SUV $58,900.00, DP1 Exclusive Trim (Dp1) $3,800.00, DN1 AMG Line w/Night Package $3,900.00, 21U Dash Cam (Forward Facing) $270.00, 810 Burmester Surround Sound System $1,100.00, 149 Polar White $0.00. 101A Black, Artico Upholstery $0.00, H08 Anthracite Open-Pore Trim $250.00, 757 Piano Black Centre Console $0.00, OMVIC Fee $10.00, Administration Fee $695.00, Locking Wheel Boits $158.00, GLOBALI Theft Protection $299.00, Ontarlo Tire Levy & MHSW Levy $22.85, Federal Air Conditioning Levy $100.00, FCLP Classic (MB/smart exc. SLS/Maybach) $1,615.00, Federal Luxury Tax $0.00",'2,'59.57031250
'1,'Text 2,"'Comments, included Warranties or Inducements (list retail price if applicable), Restrictions, Limitations and Conditions: No Export: Purchaser shall not sell. lease or trade the Vehicle to any person not resident of Canada or sell, lease or trade the Vehicle to any person whom Purchaser know or acting reasonably ought to have known Intended to export the Vehicle or sell. lease or trade the Vehicle to any person outside of Canada without the prior consent of Dealer Purchaser shall Indemnify and hold Dealer harmless from any losses, damages or costs (including reasonable legal fees) in relation to breach of this",'3,'26.29394531
'1,'Table 2,,'4,'64.40429688
'1,'Table 3,,'5,'81.93359375
'1,'Table 4,,'6,'28.54003906
'1,'Text 3,'An Incentive will be paid to the dealership by lender providing my financing: Yes No Init.:,'7,'41.40625000
'1,'Text 4,"'Prices are only valid for the month they are quoted In unless otherwise stated All quotations subject to Management Approval (and OAC If applicable) Salesperson is not authorized to approve this quote. Trade subject to re-inspection upon completion of this transaction As Trade Seller am responsible for the trade payout amount and its accuracy. I have read the terms on this page and the accompanying ADDITIONAL TERMS forming part of this Agreement and acknowledge that there are no other terms relating to this Agreement, except as written in this Agreement agree that this Agreement will only be effective when signed by an authorized representative of your dealership and that no promises other than written In this Agreement have been made to me acknowledge that the information provide may be used by you the dealer and shared with associated businesses to 0 perform services as may be directly requested by me, ii) provide me with information regarding your products and services and iii) generate statistical data that does not Identify me personally. By providing my information to you, consent to these uses. may, at any time in writing. withdraw my consent Continued on Pages 2 and 3.",'8,'26.29394531
'1,'Text 5,"'Excess mileage charge at lease end: 20 cents/km. Expected Delivery Date: Jul 30, 2024",'9,'41.47949219
'1,'Text 6,'I/ WE HEREBY OFFER TO LEASE THE ABOVE VEHICLE AS PER OPTION #: AND SUBJECT TO THE TERMS & CONDITIONS AS EXPRESSED IN THIS AGREEMENT,'10,'41.67480469
'1,'Text 7,'Canadian Motor Vehicle Arbitration Plan applies to this vehicle. (See Pg. 3) Yes ] No,'11,'31.83593750
'1,'Text 8,"'SALES FINAL Please review the entire contract, includin all attached statements, before signing. This contract is fina and binding once you have signed it unless the motor vehic dealer has failed to comply with certain legal obligations.",'12,'48.04687500
'1,'Text 9,,'13,'30.15136719
'1,'Footer 1,'Copyright 2024 ONE-EIGHTY CORP.,'14,'39.69726563